time,receiver_1,receiver_2,receiver_3,receiver_4
0.0,0.0,0.0,0.0,0.0
0.0015086860457117091,0.0,0.0,0.0,0.0
0.0030173720914234183,0.0,0.0,0.0,0.0
0.004526058137135127,0.0,0.0,0.0,0.0
0.0060347441828468365,0.0,0.0,0.0,0.0
0.007543430228558546,0.0,0.0,0.0,0.0
0.009052116274270255,0.0,0.0,0.0,0.0
0.010560802319981964,0.0,0.0,0.0,0.0
0.012069488365693673,0.0,0.0,0.0,0.0
0.013578174411405382,0.0,0.0,0.0,0.0
0.015086860457117091,0.0,0.0,0.0,0.0
0.016595546502828802,0.0,0.0,0.0,0.0
0.01810423254854051,0.0,0.0,0.0,0.0
0.019612918594252217,-8.184759724008973e-37,0.0,0.0,0.0
0.021121604639963928,2.9256198115908664e-35,0.0,0.0,0.0
0.02263029068567564,4.162542818610833e-34,0.0,0.0,0.0
0.024138976731387346,1.0732582973254042e-33,0.0,0.0,0.0
0.025647662777099053,-1.4455118361942709e-32,0.0,0.0,0.0
0.027156348822810764,-1.4831922614157307e-31,0.0,0.0,0.0
0.028665034868522475,-5.296479005796885e-31,0.0,0.0,0.0
0.030173720914234183,9.163804059006514e-31,0.0,0.0,0.0
0.03168240695994589,2.2014135921507275e-29,0.0,0.0,0.0
0.033191093005657604,1.4301416821917817e-28,0.0,0.0,0.0
0.03469977905136931,5.876240673246555e-28,-3.4555666371153067e-57,0.0,0.0
0.03620846509708102,1.5940305334787411e-27,5.343603394319048e-55,0.0,0.0
0.037717151142792726,1.8022482729135684e-27,-1.8420075651429872e-53,0.0,0.0
0.039225837188504434,-8.962066262468825e-27,-2.9013063670254243e-52,0.0,0.0
0.04073452323421615,-7.189388137744345e-26,1.1155170236599078e-51,0.0,0.0
0.042243209279927856,-3.095160188689257e-25,4.59152841196782e-50,0.0,0.0
0.04375189532563956,-9.999508240022865e-25,2.963313903798212e-49,0.0,0.0
0.04526058137135128,-2.577967922080151e-24,-8.909267145365793e-49,0.0,0.0
0.046769267417062985,-5.184670112311027e-24,-2.7432397887969675e-47,0.0,0.0
0.04827795346277469,-6.758210325277336e-24,-2.080814631454635e-46,0.0,0.0
0.0497866395084864,2.4110364813181842e-24,-6.941899122030794e-46,-5.408008020469963e-78,0.0
0.05129532555419811,5.190384735238936e-23,1.3314944333598436e-45,2.987065209574244e-75,0.0
0.05280401159990982,2.131384644768427e-22,2.9857232650708927e-44,-4.783238557310229e-73,0.0
0.05431269764562153,6.283540470801007e-22,1.8081064949964285e-43,1.4490629799594464e-71,0.0
0.055821383691333236,1.525041839893327e-21,5.660669254358681e-43,5.95894481437202e-71,0.0
0.05733006973704495,3.150388847305868e-21,-1.5093793032258462e-44,-3.982923446934434e-69,0.0
0.05883875578275666,5.47843103061926e-21,-1.1294853070110855e-41,-2.7602646887110094e-68,0.0
0.060347441828468365,7.418802873336723e-21,-7.373583387860007e-41,4.110358824427691e-67,0.0
0.06185612787418007,5.11713008326588e-21,-2.8305294677854404e-40,6.131431356812079e-66,0.0
0.06336481391989178,-1.1122288959839228e-20,-6.337595256000756e-40,9.909792864003017e-66,0.0
0.06487349996560349,-6.152925895921152e-20,1.3171120671750529e-40,-3.8263505189357206e-64,-8.912619330898469e-98
0.06638218601131521,-1.8251312664456262e-19,8.808431358282893e-39,-3.6248623637257304e-63,1.0585193178118396e-94
0.06789087205702692,-4.304661795676435e-19,4.737139538558119e-38,-7.144268311764452e-63,-2.9848724906972442e-92
0.06939955810273862,-8.768862382912645e-19,1.5759839233438913e-37,1.1950399094476105e-61,2.5310371953766727e-90
0.07090824414845033,-1.5814497060560246e-18,3.2899058281332387e-37,1.2090489512994906e-60,-6.591003277707275e-89
0.07241693019416204,-2.5206535892388083e-18,1.000493979370368e-37,4.4695728895600255e-60,-2.0815549994983335e-88
0.07392561623987375,-3.439513312928035e-18,-2.7293213709466773e-36,-8.394728127134353e-60,2.179180630875908e-86
0.07543430228558545,-3.586385271106043e-18,-1.4834236660149443e-35,-1.9491889311010148e-58,6.46765931732341e-86
0.07694298833129716,-1.2939050265328446e-18,-4.971622579470931e-35,-1.102744907135855e-57,-3.7416462478926176e-84
0.07845167437700887,6.605040177755397e-18,-1.1731920932262695e-34,-2.398962336530919e-57,-2.917907103010795e-83
0.07996036042272059,2.5470118462327916e-17,-1.5982514274825797e-34,1.0451677958822898e-56,2.673994521937806e-82
0.0814690464684323,6.34671499390438e-17,1.5891914872187067e-34,1.2074660763379172e-55,4.772411033640846e-81
0.082977732514144,1.316933937594422e-16,1.931684858077417e-33,5.510616748829894e-55,1.1000064609827732e-80
0.08448641855985571,2.4307558592006075e-16,7.66879275157152e-33,1.1051707589729875e-54,-2.779953174766649e-79
0.08599510460556742,4.0886060302279754e-16,2.102902193493071e-32,-3.1923322958447916e-54,-2.7904692073093114e-78
0.08750379065127913,6.309965628681625e-16,4.1548758611971407e-32,-3.7789075038215457e-53,-4.477274303486637e-78
0.08901247669699083,8.881827619944023e-16,4.4304637418457013e-32,-1.704344601578437e-52,1.1294879391573564e-76
0.09052116274270255,1.1130073438316012e-15,-7.28685234859818e-32,-4.0893436874822406e-52,1.0380151006440397e-75
0.09202984878841426,1.1576387673037774e-15,-5.882365505090616e-31,1.3591392592064028e-52,2.658495268728103e-75
0.09353853483412597,7.463305051937142e-16,-2.0615639895704456e-30,6.34698773739352e-51,-2.1807724404674233e-74
0.09504722087983768,-5.850479208075877e-16,-5.2209766013972976e-30,3.2962928703821937e-50,-2.4980043165760428e-73
0.09655590692554938,-3.558683436536964e-15,-9.964929548612684e-30,9.851453481299447e-50,-1.0063370186167868e-72
0.09806459297126109,-9.224364998276548e-15,-1.2052530213671025e-29,1.2954768372144063e-49,8.60765621855268e-73
0.0995732790169728,-1.9011732673881068e-14,4.685331825001276e-30,-4.502184416045908e-49,3.486859547842182e-71
0.1010819650626845,-3.473784067477051e-14,8.198484756147234e-29,-3.750211821799718e-48,2.0802478197358983e-70
0.10259065110839621,-5.853005836658433e-14,3.0170043538480757e-28,-1.4339477035402486e-47,4.7512703253602693e-70
0.10409933715410793,-9.260923705848037e-14,7.768686977641102e-28,-3.3864851031066283e-47,-1.9023028630495263e-69
0.10560802319981964,-1.3885953262563017e-13,1.552000873196315e-27,-2.7134367813074096e-47,-2.2716881066085308e-68
0.10711670924553135,-1.9808644196541408e-13,2.2745692784337994e-27,1.8833881681440915e-46,-1.0111334608004616e-67
0.10862539529124306,-2.6882697459863903e-13,1.4272577328208187e-27,1.160511302818471e-45,-1.625542357415391e-67
0.11013408133695476,-3.455129552928691e-13,-5.054972895431361e-27,3.8791288096026174e-45,9.5580436214058e-67
0.11164276738266647,-4.156791572509421e-13,-2.5546902061097576e-26,8.359507823447411e-45,8.676225453841908e-66
0.11315145342837818,-4.557203715530205e-13,-7.334053847737604e-26,6.714334667109078e-45,3.441028649929013e-65
0.1146601394740899,-4.2439229731392043e-13,-1.6167920879202242e-25,-3.673188579140031e-44,5.519879109575704e-65
0.11616882551980161,-2.527688626805969e-13,-2.83840865080696e-25,-2.2135157290108587e-43,-2.3302421476503353e-64
0.11767751156551332,1.7133578470703758e-13,-3.6279131203615767e-25,-7.230278410483772e-43,-2.1636999144985895e-63
0.11918619761122502,1.0274232072271916e-12,-1.5250805689236432e-25,-1.597829905297956e-42,-8.660464634457224e-63
0.12069488365693673,2.598943823880657e-12,9.129998391467772e-25,-1.858368970171102e-42,-1.717753495469185e-62
0.12220356970264844,5.327797967927012e-12,3.8718231702230924e-24,3.119705546903207e-42,2.435848651913516e-62
0.12371225574836014,9.89282042826609e-12,1.0201990397424463e-23,2.64577399599192e-41,3.5695685721688324e-61
0.12522094179407187,1.731805013593069e-11,2.1166341278254e-23,9.35094589609328e-41,1.5922906287065916e-60
0.12672962783978356,2.9113802603396457e-11,3.572066856164997e-23,2.2714887260730948e-40,4.0096358375843664e-60
0.12823831388549528,4.74461840282663e-11,4.5794079814898885e-23,3.6509339373842913e-40,1.9967645356398275e-60
0.12974699993120697,7.531552753050789e-11,2.7761359610831165e-23,1.1204066185306145e-40,-3.579199709640598e-59
0.1312556859769187,1.1669677949642935e-10,-6.981613647868682e-23,-1.7779299371824595e-39,-2.0487818674452306e-58
0.13276437202263042,1.7654906647775147e-10,-3.3811496402541966e-22,-8.061053082389746e-39,-6.478917579816991e-58
0.1342730580683421,2.6052990201923245e-10,-9.068249415282472e-22,-2.2741575833541993e-38,-1.0893314381591818e-57
0.13578174411405383,3.7414283176894125e-10,-1.901637467460753e-21,-4.6448091140931223e-38,1.2149065892948555e-57
0.13729043015976553,5.208964189844739e-10,-3.3108208280410372e-21,-5.977401785576889e-38,1.6769639950828817e-56
0.13879911620547725,6.98849323556283e-10,-4.690197855589675e-21,1.713955512629911e-38,6.977875114006272e-56
0.14030780225118894,8.94657217367466e-10,-4.634209507208769e-21,3.947515742633958e-37,1.7836367422442116e-55
0.14181648829690066,1.0739281361221122e-09,2.450012426309628e-24,1.4788165177120687e-36,2.1181327857651835e-55
0.14332517434261235,1.1663560295617353e-09,1.4968311923570275e-20,3.769059602111583e-36,-5.923002126426513e-55
0.14483386038832408,1.0437873056748124e-09,4.901044891542033e-20,7.161512528918606e-36,-4.627865017942879e-54
0.1463425464340358,4.891727652791867e-10,1.125695184014901e-19,8.812448952958185e-36,-1.6492664117140397e-53
0.1478512324797475,-8.455828461499928e-10,2.1256631735780296e-19,-1.5577325340815382e-36,-3.7617200214248206e-53
0.1493599185254592,-3.4943093030257964e-09,3.399922810604458e-19,-4.922233003719251e-35,-3.8089741889644876e-53
0.1508686045711709,-8.243854083831128e-09,4.464258339398197e-19,-1.8099007887513064e-34,1.2625254824020336e-52
0.15237729061688263,-1.6211348201125605e-08,4.0672704046666237e-19,-4.554104311767953e-34,8.659685529099957e-52
0.15388597666259432,-2.8924272151100707e-08,-2.9910808933127897e-20,-8.782709433058867e-34,2.9139063186075503e-51
0.15539466270830604,-4.838889705874306e-08,-1.2867567930155876e-18,-1.2110881208417994e-33,6.483133029385355e-51
0.15690334875401774,-7.712184345707035e-08,-3.968919112946613e-18,-5.554384923369014e-34,7.287022390001261e-51
0.15841203479972946,-1.1810405449977016e-07,-8.766799019292247e-18,3.333869387417727e-33,-1.4561498965227814e-50
0.15992072084544118,-1.7459538807553632e-07,-1.614237475390028e-17,1.4779846365898133e-32,-1.1457697505426123e-49
0.16142940689115287,-2.497204126492039e-07,-2.564589121223487e-17,3.9978419055754766e-32,-3.94612856170776e-49
0.1629380929368646,-3.457013749462672e-07,-3.4696868683643515e-17,8.333806269828513e-32,-9.18101735994552e-49
0.16444677898257629,-4.6257301102870924e-07,-3.672418617356617e-17,1.3543217620856635e-31,-1.2924530559974644e-48
0.165955465028288,-5.961675171999717e-07,-1.8766587019022735e-17,1.4517915267612877e-31,5.15903363964339e-49
0.1674641510739997,-7.351101838997435e-07,4.0922175310163805e-17,-3.0531639256252016e-32,1.0457642312103358e-47
0.16897283711971142,-8.565233412188971e-07,1.739509739199486e-16,-6.955407970392894e-31,4.050098637079087e-47
0.17048152316542314,-9.201085876064592e-07,4.191022365236028e-16,-2.3623365533342153e-30,1.036440711504332e-46
0.17199020921113484,-8.602798841480995e-07,8.120004483202668e-16,-5.6623771755006936e-30,1.8174099917725727e-46
0.17349889525684656,-5.760741105250372e-07,1.361856826809225e-15,-1.0865353989371878e-29,1.259148123491564e-46
0.17500758130255825,8.130077815339617e-08,2.0092920720724535e-15,-1.6569530424559095e-29,-5.567681344930797e-46
0.17651626734826997,1.3231709293364667e-06,2.5603522767297332e-15,-1.6983233094246244e-29,-2.991976376702565e-45
0.17802495339398167,3.439837978966217e-06,2.5964266627700903e-15,2.6274670810399227e-30,-8.906081815159503e-45
0.1795336394396934,6.8176213285601954e-06,1.3698775585460254e-15,7.176971422326451e-29,-1.8952465846705194e-44
0.1810423254854051,1.1954481324715856e-05,-2.287209055648234e-15,2.3859486815734453e-28,-2.6396811207783806e-44
0.1825510115311168,1.947099393649985e-05,-9.987514424467972e-15,5.630504639055852e-28,-1.4952878931592894e-45
0.18405969757682852,3.011185862354458e-05,-2.3658704345661535e-14,1.0813337845282425e-27,1.3600202456969514e-43
0.18556838362254022,4.4731109194434374e-05,-4.5135097906246263e-14,1.7115106853501336e-27,5.427419663292789e-43
0.18707706966825194,6.425174052427555e-05,-7.531719377010108e-14,2.0600937470545416e-27,1.4129549654234098e-42
0.18858575571396363,8.958757415808424e-05,-1.1274080992166506e-13,1.0948412252692882e-27,2.7045648470720494e-42
0.19009444175967535,0.00012151192429189806,-1.5144176275259113e-13,-3.302909632900879e-27,3.297856577846085e-42
0.19160312780538705,0.0001604541191525664,-1.7812362554400461e-13,-1.475783985169131e-26,-8.418924869425603e-43
0.19311181385109877,0.00020620139049563289,-1.688621258034083e-13,-3.8361699531863455e-26,-1.9535225277963619e-41
0.1946204998968105,0.00025748037275190625,-8.592479672987371e-14,-7.926085525098985e-26,-7.047141680853644e-41
0.19612918594252218,0.0003113898699695073,1.2426414193677076e-13,-1.3826550746355234e-25,-1.7369741765662867e-40
0.1976378719882339,0.00036265518511624176,5.304835001718032e-13,-2.021274598364005e-25,-3.2192968722734116e-40
0.1991465580339456,0.00040267480583741747,1.2114373132704497e-12,-2.2578054064732633e-25,-3.967096340930808e-40
0.20065524407965732,0.0004183333410963443,2.243694507073411e-12,-1.0485194818318166e-25,5.425473265470454e-42
0.202163930125369,0.000390561103160721,3.680992929611341e-12,3.591651972687098e-25,1.8365288674527435e-39
0.20367261617108073,0.0002926314370866815,5.5240356431327254e-12,1.4890272554357538e-24,6.798095765245964e-39
0.20518130221679243,8.820255929357415e-05,7.681671209935833e-12,3.726837415922949e-24,1.6938868343778182e-38
0.20668998826250415,-0.0002708681354774175,9.926697271937248e-12,7.534536802290236e-24,3.2370022599025846e-38
0.20819867430821587,-0.0008468822871677746,1.185173164014031e-11,1.3100443158719496e-23,4.4800327009554917e-38
0.20970736035392756,-0.0017187434648378666,1.28311299508385e-11,1.9710041433241967e-23,2.4002361286794097e-38
0.21121604639963928,-0.0029843589116457497,1.1991208080508515e-11,2.4615483727796762e-23,-1.037106222135675e-37
0.21272473244535098,-0.0047628324164733365,8.17926871504458e-12,2.127624864805875e-23,-4.7680528423733805e-37
0.2142334184910627,-0.007196236822087993,-1.0270356241409322e-13,-2.9844456589521813e-24,-1.2876912316067951e-36
0.2157421045367744,-0.010450711899753743,-1.4876573945814727e-11,-6.945171895096867e-23,-2.661093664027256e-36
0.21725079058248611,-0.01471659523093822,-3.912080775690945e-11,-2.0938556479953264e-22,-4.273319612457911e-36
0.21875947662819784,-0.020207264825082057,-7.768744218024442e-11,-4.617839642615577e-22,-4.5013556013034365e-36
0.22026816267390953,-0.027156357582144068,-1.3903701144733127e-10,-8.632572661680658e-22,1.0645370414659823e-36
0.22177684871962125,-0.035813032859270955,-2.3822359410468837e-10,-1.4235829884122798e-21,2.1530895767662678e-35
0.22328553476533294,-0.04643498079436618,-4.0161225523411387e-10,-2.0785588925114477e-21,7.170338139708705e-35
0.22479422081104466,-0.05927893565853715,-6.737374513287087e-10,-2.6111896082972435e-21,1.6847016700298101e-34
0.22630290685675636,-0.07458854927471834,-1.126393341246358e-09,-2.5350726786208507e-21,3.1486105405656116e-34
0.22781159290246808,-0.0925796106723651,-1.869307824090471e-09,-9.431806765090044e-22,4.591336333933756e-34
0.2293202789481798,-0.11342276551482185,-3.0603452696965185e-09,3.654857482940726e-21,4.137040006732839e-34
0.2308289649938915,-0.13722408933345864,-4.910787899337719e-09,1.3448829851563239e-20,-2.7266876810295196e-34
0.23233765103960322,-0.16400409565032986,-7.677474568967868e-09,3.12852286360392e-20,-2.459184088678671e-33
0.2338463370853149,-0.1936760032891716,-1.1628001033745846e-08,6.027984394668683e-20,-7.451673751653353e-33
0.23535502313102663,-0.22602433232496505,-1.6957405366257494e-08,1.0281185878142189e-19,-1.6636308872050823e-32
0.23686370917673832,-0.2606851273829444,-2.362451802623447e-08,1.5854035711933354e-19,-3.0135142161372373e-32
0.23837239522245005,-0.29712929962498774,-3.106353343493376e-08,2.2103467574605286e-19,-4.360079721125051e-32
0.23988108126816174,-0.3346507121689914,-3.771209694719384e-08,2.7265082684399476e-19,-4.215268846317331e-32
0.24138976731387346,-0.3723606849393278,-4.0283143659835734e-08,2.774953741525036e-19,8.922705190290161e-33
0.24289845335958518,-0.4091905426153623,-3.26974631746653e-08,1.7279414956918863e-19,1.7473222307459098e-31
0.24440713940529687,-0.4439036556380179,-4.593679612750265e-09,-1.4016743037315793e-19,5.550491372876193e-31
0.2459158254510086,-0.47511811725525216,6.064811649030984e-08,-8.030535741484129e-19,1.264317719517758e-30
0.2474245114967203,-0.5013407555424285,1.8837863982222696e-07,-2.0011510884150794e-18,2.3534556305459216e-30
0.248933197542432,-0.5210126044683446,4.15546998486076e-07,-3.9511979085296964e-18,3.620894280965563e-30
0.25044188358814373,-0.5325652701074145,7.936676897024685e-07,-6.867471510657028e-18,4.249800659866979e-30
0.2519505696338554,-0.5344868569006724,1.3912719960329532e-06,-1.0895160299499187e-17,2.2312269812201748e-30
0.2534592556795671,-0.52539530622994,2.2947370289849247e-06,-1.5998968615455303e-17,-6.364536536020456e-30
0.25496794172527887,-0.5041161978363475,3.605662084070152e-06,-2.179570806834933e-17,-2.7953288658787013e-29
0.25647662777099056,-0.46976133416603,5.431938451395496e-06,-2.7323139937046846e-17,-7.103633746251793e-29
0.25798531381670226,-0.42180383330316074,7.868261877813915e-06,-3.07439996311806e-17,-1.4325082964364814e-28
0.25949399986241395,-0.36014506217688763,1.0959994009279558e-05,-2.8993464100602896e-17,-2.4327183412318024e-28
0.2610026859081257,-0.2851686068892415,1.4641928874889917e-05,-1.738821130852384e-17,-3.4405363921941117e-28
0.2625113719538374,-0.19777664847076165,1.8640626613563708e-05,1.0778711392854386e-17,-3.6395181270319287e-28
0.2640200579995491,-0.09940462011093086,2.2325547200859146e-05,6.463770810490712e-17,-1.2497883010732233e-28
0.26552874404526083,0.007989126272233228,2.4490327591627135e-05,1.5614208401307232e-16,6.9443883669443945e-28
0.2670374300909725,0.12196073852915185,2.304136705353514e-05,3.0052479700158804e-16,2.5876052321716567e-27
0.2685461161366842,0.2396460047479569,1.456671233892039e-05,5.169541405477055e-16,6.173866624514805e-27
0.2700548021823959,0.35785218927524404,-6.245485757244115e-06,8.296329476208845e-16,1.197977538481699e-26
0.27156348822810766,0.4731737677983714,-4.737231623899711e-05,1.2696653707800133e-15,1.98941168154498e-26
0.27307217427381936,0.5821275071834022,-0.00012043937748259431,1.8779767837408833e-15,2.810084928845915e-26
0.27458086031953105,0.6813007214633998,-0.00024195396339508294,2.7092413134749776e-15,3.1306467508482726e-26
0.27608954636524274,0.7675051984697012,-0.0004348139796907233,3.835861224796356e-15,1.8227231817475552e-26
0.2775982324109545,0.8379283575922608,-0.0007301069329775222,5.349123888457506e-15,-3.128813466333877e-26
0.2791069184566662,0.89027277368055,-0.001169195323862563,7.351147841140016e-15,-1.4829166069131574e-25
0.2806156045023779,0.9228753599904157,-0.0018060591220130048,9.925390247070565e-15,-3.7329964112554295e-25
0.28212429054808963,0.9347982790706322,-0.0027098319368480876,1.3064532664073835e-14,-7.466899537236193e-25
0.2836329765938013,0.9258850325447412,-0.003967424809539713,1.6521821568635006e-14,-1.2837026908685143e-24
0.285141662639513,0.8967771070472272,-0.0056860808349543,1.9535211933872793e-14,-1.924535635814977e-24
0.2866503486852247,0.8488889136221526,-0.007995646735258169,2.035377902823049e-14,-2.4496125741814742e-24
0.28815903473093646,0.7843413981720201,-0.011050287007702895,1.5475560403471532e-14,-2.3544485197754342e-24
0.28966772077664815,0.7058574345339258,-0.015029306786738252,-1.508865954991766e-15,-6.9211009089987245e-25
0.29117640682235985,0.616624733737482,-0.020136697064217952,-4.1571537474049604e-14,4.079991413863672e-24
0.2926850928680716,0.5201343046357567,-0.026598977827053723,-1.224707501736551e-13,1.416186792972052e-23
0.2941937789137833,0.4200042894728425,-0.03466089960262905,-2.715182716912121e-13,3.2217574030860497e-23
0.295702464959495,0.31980011334920483,-0.04457858111819522,-5.286728586291421e-13,6.066190993961347e-23
0.2972111510052067,0.22286221834476883,-0.05660971945562948,-9.494022111911053e-13,1.0005232945119739e-22
0.2987198370509184,0.1321521519942084,-0.07100061729136853,-1.6062031859130788e-12,1.4613107086212745e-22
0.3002285230966301,0.050126465219348826,-0.0879699353181592,-2.5868326902970326e-12,1.8508697080849784e-22
0.3017372091423418,-0.02135416413222575,-0.10768929887270719,-3.986103898387572e-12,1.8685614491821338e-22
0.30324589518805356,-0.0810757756281073,-0.1302611632803026,-5.88648276013953e-12,9.69266433466751e-23
0.30475458123376525,-0.12848010567206677,-0.15569466343984587,-8.320657470496169e-12,-1.716364696653126e-22
0.30626326727947695,-0.1636329646085273,-0.18388052364924937,-1.1206810745582528e-11,-7.421653540366156e-22
0.30777195332518864,-0.1871562342015231,-0.2145664602052548,-1.4244708156403848e-11,-1.767585752241727e-21
0.3092806393709004,-0.20013028464672625,-0.2473348415576293,-1.6758362009376244e-11,-3.402236323757358e-21
0.3107893254166121,-0.20397558670729568,-0.28158464275667855,-1.7469717293323205e-11,-5.737609859695693e-21
0.3122980114623238,-0.20032350716839792,-0.31651990320564033,-1.4188790609693136e-11,-8.68417999760099e-21
0.31380669750803547,-0.19088662950635354,-0.35114692972672235,-3.410867439589052e-12,-1.1781539845097485e-20
0.3153153835537472,-0.17733841978717133,-0.38428234493295627,2.017657988698173e-11,-1.39257747070864e-20
0.3168240695994589,-0.16121072415670376,-0.41457373658572816,6.425201511365188e-11,-1.3020973448527935e-20
0.3183327556451706,-0.1438155772737578,-0.440534102955948,1.3942000620032273e-10,-5.596534852670007e-21
0.31984144169088236,-0.12619532025226288,-0.4605905157904507,2.5965186082289664e-10,1.3511283254543544e-20
0.32135012773659405,-0.10910231316265831,-0.47314646103343794,4.423993790364997e-10,5.1233185046638134e-20
0.32285881378230574,-0.09300683937848638,-0.47665621572224903,7.080549184258137e-10,1.1581063701620696e-19
0.32436749982801744,-0.07812938711569535,-0.4697084480535133,1.0782722903162705e-09,2.1540753392237069e-19
0.3258761858737292,-0.06449157412046105,-0.45111507716363963,1.5724622574741086e-09,3.5528445545605793e-19
0.3273848719194409,-0.051978716618962056,-0.42000040493600654,2.201536019661762e-09,5.329840791937097e-19
0.32889355796515257,-0.04040652516278164,-0.3758847458367034,2.957701415374907e-09,7.31050682217819e-19
0.3304022440108643,-0.029584651620623636,-0.31875634020931604,3.798844778156334e-09,9.07082052538422e-19
0.331910930056576,-0.019370749477038925,-0.24912533382702975,4.62580154176105e-09,9.814743996955804e-19
0.3334196161022877,-0.009710211335647987,-0.16805410636863274,5.2507032172193384e-09,8.241375273852103e-19
0.3349283021479994,-0.0006586281240896288,-0.07715925982307927,5.354695461394279e-09,2.427395247292771e-19
0.33643698819371115,0.007613941928323781,0.021417886420987492,4.4338044496551855e-09,-1.0234103913544503e-18
0.33794567423942284,0.014835822259456061,0.12507347648820705,1.7327924638983095e-09,-3.298181814873931e-18
0.33945436028513454,0.02066089200378603,0.23083487591891047,-3.831246362380436e-09,-6.945420403238422e-18
0.3409630463308463,0.024705999549429328,0.3354824832042801,-1.3750716191524083e-08,-1.2321129586947332e-17
0.342471732376558,0.02659377331107074,0.43569370596589546,-3.000530219794415e-08,-1.9696645209505206e-17
0.3439804184222697,0.025995808473538582,0.5282011229511132,-5.511961205742542e-08,-2.9153480445314667e-17
0.34548910446798137,0.022671581948215464,0.6099552508615619,-9.217554516437025e-08,-4.0458730236050124e-17
0.3469977905136931,0.016499287397472997,0.6782814045943558,-1.4474240836741408e-07,-5.294027800959444e-17
0.3485064765594048,0.007495954272234347,0.7310200149543675,-2.1667285342784907e-07,-6.539016606899963e-17
0.3500151626051165,-0.004174442973386703,0.766640515094465,-3.1169461681527675e-07,-7.602521359981141e-17
0.35152384865082825,-0.018204836698418995,0.7843205106648793,-4.327071058195449e-07,-8.25138065614485e-17
0.35303253469653995,-0.03415964293386121,0.7839843081628384,-5.806689556023511e-07,-8.201767940744506e-17
0.35454122074225164,-0.05149791900242419,0.7662978097692797,-7.529394151355597e-07,-7.107163116327553e-17
0.35604990678796333,-0.06960240587566738,0.732620043120532,-9.409154833249482e-07,-4.4901986805334325e-17
0.3575585928336751,-0.08781158902563348,0.6849148895646253,-1.126792128862566e-06,4.562680678912287e-18
0.3590672788793868,-0.10545209554639101,0.6256295989008108,-1.2792703694035025e-06,9.322211770604966e-17
0.36057596492509847,-0.12186921141868225,0.5575491452383634,-1.348055121471132e-06,2.5371481970273434e-16
0.3620846509708102,-0.13645394704933228,0.48363715078292563,-1.2570315006829384e-06,5.511771530463429e-16
0.3635933370165219,-0.1486657828195435,0.40687482346175674,-8.960970877717781e-07,1.1087626118142651e-15
0.3651020230622336,-0.15805087377256083,0.33010905915453825,-1.1177361222439156e-07,2.1456900517326836e-15
0.3666107091079453,-0.16425598836651928,0.2559195945734368,1.303057911205725e-06,4.029203138200736e-15
0.36811939515365705,-0.16703873843493197,0.18651300904602267,3.61963960865813e-06,7.338193886859484e-15
0.36962808119936874,-0.16627470540898653,0.1236486946161324,7.1829472284680925e-06,1.2928971434865611e-14
0.37113676724508043,-0.16196190338683064,0.06859893460832027,1.2418771486747047e-05,2.1980933993312214e-14
0.37264545329079213,-0.15422270224587797,0.02214226606674369,1.9835887905537495e-05,3.597960657881077e-14
0.3741541393365039,-0.14330294990863404,-0.015413346678705345,3.002003322881009e-05,5.656448918283945e-14
0.37566282538221557,-0.1295676803069933,-0.044183077985525544,4.36153220857342e-05,8.512780991320806e-14
0.37717151142792726,-0.11349256621386057,-0.06464042844079132,6.128746769674004e-05,1.219975155953456e-13
0.378680197473639,-0.09565024721609927,-0.07754242046659963,8.366172867312828e-05,1.6497666345290117e-13
0.3801888835193507,-0.07669087285350223,-0.08385188754091714,0.00011122692295115434,2.069501586066554e-13
0.3816975695650624,-0.05731664863948723,-0.0846629520104718,0.0001441951865366288,2.3222530985355486e-13
0.3832062556107741,-0.038250815205637154,-0.08113429660329095,0.00018230549569406916,2.11274111845055e-13
0.38471494165648584,-0.020202247656001843,-0.07443308160793763,0.0002245574382000401,9.36386298397713e-14
0.38622362770219754,-0.003827626306893613,-0.06569059120083288,0.00026886047355900245,-2.0098573707995196e-13
0.38773231374790923,0.01030621707399198,-0.05596913465326571,0.00031158316762034695,-7.929672183347727e-13
0.389240999793621,0.021756743918279878,-0.046238556462792554,0.00034698687144665987,-1.8528505719350976e-12
0.39074968583933267,0.030233793777340267,-0.03736002830456473,0.0003665293266043516,-3.608557407448824e-12
0.39225837188504437,0.035618405841091695,-0.030074629947132014,0.00035802604334437996,-6.3447785658620986e-12
0.39376705793075606,0.03797008878424733,-0.0249945244615393,0.00030466136183239105,-1.0386742111901306e-11
0.3952757439764678,0.03752118902775456,-0.022595181571990527,0.00018384722246996297,-1.605668458015868e-11
0.3967844300221795,0.03465817728318743,-0.02320794840122416,-3.40638275540585e-05,-2.3586579720508285e-11
0.3982931160678912,0.02989094734844652,-0.027013142319057683,-0.0003871936976481148,-3.2965222737081203e-11
0.39980180211360294,0.023812452548188524,-0.0340345921569831,-0.000923650173919927,-4.369221899432035e-11
0.40131048815931464,0.017052045834418,-0.04413706262810668,-0.0017030860646991006,-5.440691110837678e-11
0.40281917420502633,0.010226609437023158,-0.05702819277275958,-0.00279823777190671,-6.235868390126309e-11
0.404327860250738,0.003893864545773619,-0.07226644796499666,-0.004296352969631186,-6.26893151259056e-11
0.4058365462964498,-0.0014879055296608261,-0.08927616307520246,-0.006300393407291406,-4.751227402770466e-11
0.40734523234216147,-0.00559009549957604,-0.10737011836320087,-0.008929874607761151,-4.803805001527521e-12
0.40885391838787316,-0.008231358997681296,-0.12577933981843376,-0.012321180855737825,8.282639195608719e-11
0.41036260443358485,-0.009381189326634462,-0.1436890579171367,-0.016627173233492065,2.393321492458644e-10
0.4118712904792966,-0.009149578779509037,-0.1602790884199138,-0.02201589282374414,4.961158141748592e-10
0.4133799765250083,-0.0077642343028421525,-0.17476638839336292,-0.028668153177267418,8.921423058369774e-10
0.41488866257072,-0.005538050596147789,-0.18644723350232978,-0.03677381860832743,1.4725829359638183e-09
0.41639734861643174,-0.0028304564765548744,-0.1947363727931283,-0.04652658082088648,2.2849834369655278e-09
0.41790603466214343,-6.7612384606492846e-06,-0.19920063408865007,-0.0581170786854695,3.371581878787229e-09
0.4194147207078551,0.002600312321671103,-0.1995847495304776,-0.07172425724772631,4.755987697351078e-09
0.4209234067535668,0.0047231073103898265,-0.19582761167293153,-0.08750493418614083,6.4220102795411495e-09
0.42243209279927857,0.006182499709897086,-0.18806772032992888,-0.10558163590698502,8.282061146338716e-09
0.42394077884499026,0.006900396932705209,-0.1766372074404359,-0.12602888090311634,1.0132353945342054e-08
0.42544946489070196,0.006900547049782223,-0.1620445044202506,-0.14885822287409958,1.1592247930236003e-08
0.4269581509364137,0.006298198929440255,-0.1449464185692157,-0.17400251640277167,1.2025741354826747e-08
0.4284668369821254,0.0052803036158110975,-0.1261110841808683,-0.201300027512381,1.0444609183238334e-08
0.4299755230278371,0.004078867491595881,-0.10637391482699898,-0.23047917170761725,5.395356691912185e-09
0.4314842090735488,0.0029406699300736834,-0.08658926065169989,-0.26114481243468673,-5.1635410586403e-09
0.43299289511926053,0.0020967928399995774,-0.06758091403462171,-0.2927671806392658,-2.3981238647337956e-08
0.43450158116497223,0.0017352693803234496,-0.05009485014102299,-0.32467456717799886,-5.4609066250451665e-08
0.4360102672106839,0.001979677227674324,-0.03475758177589146,-0.3560509794851122,-1.0143603430356769e-07
0.43751895325639567,0.0028757456360488935,-0.022043212468912932,-0.38593992765594215,-1.6961579514988547e-07
0.43902763930210736,0.004387107810799382,-0.012251676638120145,-0.41325540004664973,-2.6481653759237863e-07
0.44053632534781906,0.006400317312036363,-0.005499785376635221,-0.43680089455093224,-3.9270308320992153e-07
0.44204501139353075,0.008738267604654038,-0.001725614518703983,-0.4552970831710935,-5.580360050775026e-07
0.4435536974392425,0.01118030629958176,-0.00070557829468476,-0.4674183043511852,-7.632477090850698e-07
0.4450623834849542,0.013486699952877846,-0.0020823540020918885,-0.4718376067451978,-1.0063330568743814e-06
0.4465710695306659,0.015424735621705609,-0.005400798789482916,-0.46727952449540405,-1.277876654053484e-06
0.44807975557637764,0.016793666391297646,-0.010148258781559743,-0.4525791708703809,-1.557036481320963e-06
0.44958844162208933,0.017445914523546862,-0.015795315157816993,-0.4267456256160085,-1.8063221640645434e-06
0.451097127667801,0.017302404995101526,-0.02183309802020914,-0.38902700027628734,-1.965056000541188e-06
0.4526058137135127,0.016360558640244043,-0.02780382723895645,-0.33897403937519005,-1.9414981087127794e-06
0.45411449975922447,0.014694256509627978,-0.03332215106292377,-0.27649870126163995,-1.6037677295231423e-06
0.45562318580493616,0.01244591548840824,-0.038086036236997155,-0.20192390819128234,-7.699161132628453e-07
0.45713187185064785,0.00981160890027487,-0.04187726734443319,-0.11602060471127693,8.02181912031781e-07
0.4586405578963596,0.007020850235479107,-0.04455287005090229,-0.020028452640879477,3.424036178801675e-06
0.4601492439420713,0.004313171125127065,-0.046029820872283016,0.08434305611681547,7.4832391506385745e-06
0.461657929987783,0.001913921169000929,-0.046266112034493365,0.19493556296974754,1.3445394942275673e-05
0.4631666160334947,1.1772376360516181e-05,-0.04524151856825203,0.3091863907967928,2.184825464889023e-05
0.46467530207920643,-0.0012597782547141836,-0.04294123961733363,0.42419697142013724,3.328416423119003e-05
0.4661839881249181,-0.0018350294174278655,-0.03934499224279902,0.5368240584327194,4.8365989264224515e-05
0.4676926741706298,-0.0017215425233047836,-0.03442321415662768,0.6437911431570127,6.767071519692495e-05
0.4692013602163415,-0.00099791039150526,-0.02814091327235197,0.7418159958674176,9.165400400716081e-05
0.47071004626205326,0.00019592361895046914,-0.02046853989632395,0.8277488564394107,0.00012052821471067861
0.47221873230776495,0.0016747695054939156,-0.01139820520222391,0.8987146092534251,0.00015409588833543525
0.47372741835347665,0.0032290071730728008,-0.0009627605610152683,0.9522514051545016,0.00019153060471932396
0.4752361043991884,0.00464788761997945,0.01074521705062515,0.9864377358536294,0.00023109760690505354
0.4767447904449001,0.005742798355364871,0.02355756844036042,1.0,0.00026980784114163383
0.4782534764906118,0.006367944444521988,0.03722055119868588,0.9923931725658622,0.00030300126201738523
0.4797621625363235,0.006436145654923402,0.05139277330806239,0.9638483109296202,0.0003238585769703136
0.4812708485820352,0.005927960226504386,0.06565223962575058,0.9153822714183864,0.00032284519581513867
0.4827795346277469,0.004893070437548773,0.07951264813262925,0.8487670950223432,0.00028709709938743984
0.4842882206734586,0.0034437307367247718,0.0924480138714179,0.7664589347583379,0.00019976565883388181
0.48579690671917036,0.0017409913054736036,0.10392374109677355,0.671488987719242,3.934703007634198e-05
0.48730559276488206,-2.4736978055028895e-05,0.11343151086481504,0.5673214830867546,-0.00022096860830308096
0.48881427881059375,-0.0016565203621629696,0.12052487826896156,0.4576861695495347,-0.0006138823902914737
0.49032296485630544,-0.002974450262625015,0.12485232447237993,0.34639474817438604,-0.0011784506507971073
0.4918316509020172,-0.003837088084235841,0.12618469243643807,0.23715213290484902,-0.001960361517303954
0.4933403369477289,-0.004158214258889029,0.12443442687936634,0.1333741464242656,-0.003011950031291599
0.4948490229934406,-0.003916834787136598,0.11966478386002931,0.03802317763672371,-0.0043918718561033795
0.49635770903915233,-0.003159209854814139,0.11208809539883134,-0.04652759863626001,-0.006164353566063254
0.497866395084864,-0.001992649290604258,0.10205317623707387,-0.11859257935183244,-0.008397940354504299
0.4993750811305757,-0.0005718465780732307,0.090022943332541,-0.17722826436276415,-0.011163670901289259
0.5008837671762875,0.0009205353655631337,0.07654418720069585,-0.22224056663486455,-0.01453262511325451
0.5023924532219991,0.00229658186258808,0.06221210324454092,-0.2541448527077861,-0.01857281423882529
0.5039011392677109,0.0033862805083900494,0.04763259687175005,-0.2740820897948926,-0.02334541481251339
0.5054098253134226,0.004058191110778905,0.033385481773553445,-0.28369770671234085,-0.028900387835784004
0.5069185113591342,0.004235037427210571,0.01999149089561405,-0.28499254298940335,-0.03527157173791052
0.508427197404846,0.0039022919689963055,0.007885541454481382,-0.28015732413346495,-0.04247139044082926
0.5099358834505577,0.0031087422373030616,-0.0026020040849100245,-0.27140327329048264,-0.050485373944022985
0.5114445694962694,0.001959073234371833,-0.011255178804623461,-0.26080163391848865,-0.05926674512560775
0.5129532555419811,0.0005995364029636168,-0.017973335609783366,-0.25014400278776927,-0.06873137907003456
0.5144619415876928,-0.0008013398788348359,-0.022763965632744722,-0.24083351671972256,-0.07875348573215471
0.5159706276334045,-0.0020744267334442956,-0.02572890472350313,-0.23381424772554937,-0.08916239830286182
0.5174793136791163,-0.003071219593868807,-0.027045889315066705,-0.22954286526701753,-0.09974086333764033
0.5189879997248279,-0.003681887208155085,-0.026947633246925416,-0.22800300615386687,-0.1102252199079771
0.5204966857705396,-0.0038478956804404428,-0.025700543811262407,-0.22875917121946354,-0.12030781979386546
0.5220053718162514,-0.0035677238679341036,-0.02358490663164806,-0.23104366738822477,-0.1296419762534824
0.523514057861963,-0.002895133239782227,-0.02087790344445133,-0.2338674322599498,-0.13784963397105432
0.5250227439076748,-0.0019304511881558766,-0.017840263882963895,-0.23614375914058777,-0.14453182817440252
0.5265314299533865,-0.0008062354174461394,-0.014706780066418125,-0.23681314734053166,-0.14928184971836736
0.5280401159990982,0.0003306128782308454,-0.011680414287855725,-0.23495780263298996,-0.15170086073981115
0.5295488020448099,0.0013378174131372783,-0.008929370772721337,-0.22989566845104206,-0.15141552042007406
0.5310574880905217,0.0020952495152066486,-0.006586320290477479,-0.22124613992182177,-0.14809699290491538
0.5325661741362333,0.002518761869740866,-0.00474896677033507,-0.20896257108606753,-0.1414805319403296
0.534074860181945,0.0025686659331348254,-0.0034813013883979275,-0.1933300344837102,-0.1313846830138213
0.5355835462276567,0.002251964987790249,-0.002815149195716145,-0.17493019806993604,-0.11772902794947168
0.5370922322733684,0.0016183239650053582,-0.0027519080024988466,-0.154578309923815,-0.10054933265164749
0.5386009183190802,0.0007505940549267565,-0.003264638217095221,-0.13323982025458564,-0.08000895800087506
0.5401096043647918,-0.00024859842187089384,-0.004300825913534262,-0.11193587946223701,-0.05640546588062577
0.5416182904105036,-0.0012722321288103757,-0.005786172076351319,-0.09164767532604835,-0.030171502057248004
0.5431269764562153,-0.002224102726170962,-0.00762965058369711,-0.07322926092155585,-0.001869265269575563
0.544635662501927,-0.003031857038244455,-0.009729848718801271,-0.05733723595884245,0.02782182816001574
0.5461443485476387,-0.0036562334701568185,-0.011982305977056117,-0.04438353852627113,0.058124314217572914
0.5476530345933505,-0.004095486049231327,-0.014287265705970921,-0.03451492646950861,0.08818831180468546
0.5491617206390621,-0.0043846701694865275,-0.01655701967861988,-0.027619779265180798,0.11712281622486236
0.5506704066847738,-0.004590173328400136,-0.01872191803962969,-0.0233599566458538,0.1440314405840372
0.5521790927304855,-0.004800485129994593,-0.020734173783364982,-0.021222920543264447,0.16805100972425346
0.5536877787761972,-0.005114636960511438,-0.02256881890373363,-0.020587425511911138,0.18839109802437706
0.555196464821909,-0.005629951295913136,-0.024221542056475164,-0.020794996392758894,0.2043723849744538
0.5567051508676206,-0.0064307069670295845,-0.025703598667365934,-0.021219230780106187,0.21546160545438492
0.5582138369133324,-0.007579069292547392,-0.027034457165933577,-0.021325673045154935,0.2213009132014222
0.5597225229590441,-0.00910920381306566,-0.028233245796380257,-0.020716490244247026,0.22172966549415937
0.5612312090047558,-0.01102496318368911,-0.0293103179486362,-0.019156236702582787,0.21679697383971153
0.5627398950504675,-0.0133009931972842,-0.030260307287949807,-0.016577362047102272,0.20676383748848912
0.5642485810961793,-0.015886628228296385,-0.031057877077873376,-0.013066508120561506,0.19209426072274496
0.5657572671418909,-0.018711606339741286,-0.031656998408964854,-0.008834772405595532,0.17343541745574104
0.5672659531876026,-0.021692473355201847,-0.031994072485527214,-0.004176749523321235,0.15158762548927926
0.5687746392333144,-0.024738576917198163,-0.03199462274104015,0.0005758724834018499,0.12746557959831717
0.570283325279026,-0.027756758696330156,-0.031582717226479845,0.005100170460929699,0.10205291667555214
0.5717920113247378,-0.030654191385450613,-0.03069183223203338,0.0091218326692867,0.07635269805635088
0.5733006973704494,-0.03333921396573737,-0.02927560847910817,0.012444685641727554,0.05133674988424146
0.5748093834161612,-0.035720422922647974,-0.027316925036994556,0.014967207677073952,0.027896967401121478
0.5763180694618729,-0.03770461119814492,-0.02483392910554457,0.016685177070664376,0.0068016416325156715
0.5778267555075846,-0.03919435770063816,-0.021882078952530717,0.017681426093952745,-0.011340399200607669
0.5793354415532963,-0.04008612776481432,-0.01855181660389566,0.01810524322901103,-0.02610551548945998
0.580844127599008,-0.0402696455222768,-0.01496209867400873,0.018145097562432683,-0.03726918608688971
0.5823528136447197,-0.0396290657405637,-0.011250583433491796,0.01799892880570452,-0.04480727138114092
0.5838614996904314,-0.03804615021448636,-0.0075617140943056976,0.01784621288608654,-0.04888461273544702
0.5853701857361432,-0.035405300779651885,-0.004034189227627176,0.017825417993191057,-0.04983186240692821
0.5868788717818548,-0.031599979275671375,-0.0007893403596575515,0.01801942474233577,-0.04811227779053628
0.5883875578275666,-0.026539808750286185,0.002078250596983412,0.018450167132999296,-0.04428093600503032
0.5898962438732782,-0.02015753776958156,0.004506926212974744,0.019082357911404606,-0.03893937073639597
0.59140492991899,-0.012415076157437616,0.006470430043169655,0.019834892720377358,-0.03268895702060713
0.5929136159647017,-0.003307966427081343,0.007976704711685996,0.020597554123201453,-0.026086442580968497
0.5944223020104134,0.007132091194068012,0.009063496378593616,0.021250080212602027,-0.01960483782180864
0.5959309880561251,0.018836738909147624,0.009791603063474935,0.02168057774677605,-0.013602443321265518
0.5974396741018368,0.031702267730187306,0.010236801414801227,0.021800629781945035,-0.008302147025621742
0.5989483601475485,0.04559227176576297,0.010481513316403944,0.021555189626888776,-0.0037823148200990327
0.6004570461932602,0.06034105171013532,0.010607144521483973,0.020926332333979496,2.030687432229141e-05
0.601965732238972,0.07575714916132871,0.010687781029581634,0.019930988171132952,0.003296185648310941
0.6034744182846836,0.09162649370780052,0.010785619747712657,0.018613742133553504,0.006338478994765744
0.6049831043303954,0.1077148424219797,0.01094819775103996,0.017036503785713027,0.009510527196389656
0.6064917903761071,0.12376944655713994,0.01120722297161053,0.015267229977177051,0.013208067066358494
0.6080004764218188,0.13952014313995695,0.011578637205894611,0.013369874205690606,0.017819212075026136
0.6095091624675305,0.1546802894347979,0.012063477988406202,0.01139735836622708,0.023685336455316813
0.6110178485132421,0.16894809407051256,0.012649144815095749,0.00938869139929602,0.031065842276862973
0.6125265345589539,0.18200892404374716,0.013310793383099543,0.0073705159559210535,0.04010939997610512
0.6140352206046656,0.19353907631374873,0.01401274134109505,0.00536249454401363,0.05083367467031518
0.6155439066503773,0.20321131187049993,0.014709927677181536,0.0033851979620299127,0.06311483831614657
0.617052592696089,0.21070219262988016,0.015349586076583498,0.0014686563620061371,0.07668738665040085
0.6185612787418008,0.2157009827248204,0.015873342414809047,-0.0003404394464533474,0.091153998386523
0.6200699647875124,0.2179196246900039,0.016219916480609903,-0.0019747128181956852,0.10600445749763378
0.6215786508332242,0.21710312139805268,0.01632850463809367,-0.003346563498353932,0.12064206331276911
0.6230873368789359,0.21303957712911428,0.0161427662605867,-0.004353667705742857,0.1344155189164955
0.6245960229246476,0.20556918824717477,0.015615166443451583,-0.004889183518019079,0.1466540396278989
0.6261047089703593,0.19459161764337063,0.014711278915525615,-0.004855467907688725,0.156703364811504
0.6276133950160709,0.18007141059285778,0.013413560804833958,-0.0041794144342205556,0.16396047438026623
0.6291220810617827,0.16204137216250566,0.011724099033259222,-0.002827104168855526,0.16790507699068755
0.6306307671074944,0.14060408022402485,0.009665905338328395,-0.000815400866924777,0.16812630972625822
0.6321394531532061,0.11593190744155384,0.007282494804285468,0.0017815663683862879,0.16434352266211463
0.6336481391989178,0.08826603384155297,0.00463569717633817,0.004832443057886217,0.15642046944830118
0.6351568252446296,0.05791492815511014,0.0018018856943588432,0.008155733030775362,0.14437264537058636
0.6366655112903412,0.025252659980734664,-0.001132975472433075,0.01153344615074518,0.128367875190168
0.638174197336053,-0.009282805259201025,-0.004078904412431257,0.01472986761578552,0.1087205348525811
0.6396828833817647,-0.04519144488871201,-0.006947459433529769,0.017513227338757067,0.08587998797174702
0.6411915694274763,-0.08191354695558725,-0.009656668808040402,0.01967757245520043,0.06041393684868368
0.6427002554731881,-0.11883324360078303,-0.012134836283665644,0.02106204960002919,0.032987446143860545
0.6442089415188998,-0.15528399998271133,-0.014322917232665001,0.021565105864277047,0.004338419256541298
0.6457176275646115,-0.19055688224861003,-0.016175392171789735,0.021151778895229914,-0.024749681040684795
0.6472263136103232,-0.22391232260154653,-0.017659797469620132,0.019853174777404167,-0.05347705205603184
0.6487349996560349,-0.2545958571804972,-0.01875526790871189,0.017758294912768098,-0.08105784254873723
0.6502436857017466,-0.2818579547741988,-0.019450570179126856,0.014999417916419443,-0.10675056155134739
0.6517523717474584,-0.3049776194593623,-0.019742140950806127,0.011733119859456933,-0.12988753671479525
0.65326105779317,-0.323288987521257,-0.01963258450657304,0.008119600776913451,-0.14990223181737664
0.6547697438388818,-0.33620970249940424,-0.019129945896569342,0.004303194596752245,-0.16635312923248086
0.6562784298845935,-0.343269493453923,-0.018247882747306564,0.0003967452641230665,-0.1789428308443944
0.6577871159303051,-0.34413714327868444,-0.017006647476431897,-0.0035280364988843076,-0.18753106340501452
0.6592958019760169,-0.33864394513324986,-0.01543459932526691,-0.007442980988503997,-0.19214041961692344
0.6608044880217286,-0.32680181845290057,-0.01356982570056127,-0.01135840497031206,-0.1929539416689905
0.6623131740674403,-0.30881448727885347,-0.011461388375535031,-0.015311418986841557,-0.1903040619787495
0.663821860113152,-0.28508049334772295,-0.009169732228403322,-0.01934934898462155,-0.18465294143271116
0.6653305461588638,-0.25618729303215126,-0.006765897859674522,-0.023510703974653747,-0.17656485544230668
0.6668392322045754,-0.22289623161374442,-0.004329346894407662,-0.02780646276220488,-0.1666719236541526
0.6683479182502872,-0.18611875797336008,-0.0019444127151138086,-0.03220441605110741,-0.15563509946176787
0.6698566042959988,-0.14688479584760866,0.00030440213384373796,-0.03661889828900147,-0.14410286431594968
0.6713652903417106,-0.10630468656459638,0.00233787867836168,-0.040907538731533875,-0.13267044486412433
0.6728739763874223,-0.0655265310479562,0.004087751237378969,-0.04487575457037572,-0.12184253352294384
0.6743826624331339,-0.025691061598949544,0.00550199939888466,-0.04828872517786874,-0.11200240756478665
0.6758913484788457,0.012113650072947724,0.0065491799696177026,-0.05088965537378024,-0.10338999336211223
0.6774000345245574,0.046895301992472826,0.00722129846522844,-0.052422374150162196,-0.09609082264955526
0.6789087205702691,0.0777960393001499,0.00753485786944765,-0.05265581255345106,-0.09003701522108021
0.6804174066159808,0.10412468130296727,0.007529898339273429,-0.05140771111379575,-0.08502046087313317
0.6819260926616926,0.1253808308530371,0.007267034548465774,-0.04856503131238224,-0.08071734567019907
0.6834347787074042,0.14126965217972226,0.006822687441833229,-0.04409895425384485,-0.07672216857538562
0.684943464753116,0.1517066337961323,0.006282877112801275,-0.03807297672579553,-0.07258852132094216
0.6864521507988276,0.15681222944312412,0.0057360799597190575,-0.03064337196709727,-0.06787324642934207
0.6879608368445393,0.15689685633590342,0.005265746831094256,-0.022052072985916583,-0.06218021728960848
0.6894695228902511,0.15243728770379333,0.004943123617335121,-0.012612768232136742,-0.055199946080257446
0.6909782089359627,0.1440459673737395,0.004821008572111295,-0.0026915970254057483,-0.04674153446803194
0.6924868949816745,0.13243516299609306,0.0049290208102901805,0.007315756451746285,-0.03675411862257792
0.6939955810273862,0.1183781333312654,0.005270843633523901,0.017008570739657322,-0.025335871261336
0.6955042670730979,0.10266959550757801,0.005823749313718668,0.02600520282374917,-0.012729727682961522
0.6970129531188096,0.08608773393294919,0.006540517382095974,0.03396500663082784,0.0006938023361854352
0.6985216391645214,0.06935979994259003,0.0073536397118618806,0.04060657667639341,0.014465202581639382
0.700030325210233,0.053133028760691044,0.008181481059659483,0.04572125623998788,0.0280533272043714
0.7015390112559448,0.03795217653991367,0.00893585570057418,0.049181304530640235,0.04090821428346126
0.7030476973016565,0.024244490748934477,0.009530313959606329,0.050942564807263946,0.052505477868817735
0.7045563833473681,0.012312410961168346,0.009888330461815618,0.05104187940750759,0.062388296400075496
0.7060650693930799,0.002333792649292915,0.009950567685178604,0.04958983381319627,0.07020326632110852
0.7075737554387915,-0.005631011409659409,0.009680464195246739,0.046759667314763234,0.07572699067761876
0.7090824414845033,-0.011626260714271038,0.009067565393842073,0.04277335908889105,0.07888116419964122
0.710591127530215,-0.01578346406626826,0.008128261162464356,0.037885988824673957,0.07973501091608517
0.7120998135759267,-0.018301060795882344,0.006903892246326654,0.03236948744574363,0.07849512011408487
0.7136084996216384,-0.019422731338400362,0.005456498665813062,0.02649684436762057,0.0754838950646255
0.7151171856673502,-0.01941588160598738,0.0038627670337057947,0.020527731399397443,0.07110886303086614
0.7166258717130618,-0.01855170457821893,0.0022069489096924488,0.0146963476826909,0.0658258957353236
0.7181345577587736,-0.017087995052535186,0.0005736366340096114,0.00920209290166071,0.06009988205828547
0.7196432438044853,-0.015255597662865206,-0.0009587225521085453,0.004203446588867811,0.054366536227012145
0.7211519298501969,-0.013249025833507563,-0.002322820470378844,-0.00018481864193740864,0.04899880765955589
0.7226606158959087,-0.011221425022667564,-0.003465468268124237,-0.0038912177486551828,0.04428081135359556
0.7241693019416204,-0.009283694275887893,-0.004348344323737494,-0.006884298729836335,0.04039138117860455
0.7256779879873321,-0.007507253377189379,-0.00494662052441029,-0.009167134079800607,0.037398349424287845
0.7271866740330438,-0.00592967524196111,-0.005245883573031926,-0.010770296298336823,0.03526357792849174
0.7286953600787555,-0.004562217572551667,-0.0052380040094749305,-0.011744141306627324,0.03385771839091597
0.7302040461244672,-0.0033982008967980053,-0.004916736173249553,-0.012151226257072248,0.03298276608449271
0.731712732170179,-0.0024211998849160182,-0.004273838541263097,-0.01205960414868935,0.032399780291275604
0.7332214182158906,-0.0016121386378073997,-0.0032963867786927506,-0.011537573574303593,0.03185874007519769
0.7347301042616023,-0.0009545944793869134,-0.0019657321812019835,-0.010650235193278063,0.03112741855299358
0.7362387903073141,-0.0004378941206757068,-0.0002582729237379007,-0.009457943878116586,0.030016392362822417
0.7377474763530257,-5.789813293415859e-05,0.0018520983494351322,-0.008016480071114858,0.028397822600440284
0.7392561623987375,0.0001843227446985103,0.004390280384213185,-0.006378530952653399,0.026216387497858793
0.7407648484444492,0.0002854497962605194,0.007375591944981506,-0.004595903832896853,0.02349163225589668
0.7422735344901609,0.0002438544090367247,0.010817447953388465,-0.002721814975706927,0.020311931765139762
0.7437822205358726,6.375179336125037e-05,0.014711766517133079,-0.0008126189015901025,0.01682113909905333
0.7452909065815843,-0.0002411829369121813,0.01903865867375124,0.0010715365382273157,0.01319972617091131
0.746799592627296,-0.0006453828188965426,0.02376173515917937,0.002867442979197326,0.009642739557614726
0.7483082786730078,-0.0011105992210213352,0.02882909838307969,0.0045110145167822574,0.006337145536584574
0.7498169647187194,-0.0015869704765165598,0.03417581696770611,0.005940720289141461,0.0034411044458327153
0.7513256507644311,-0.0020159051144113395,0.03972744778799969,0.007101833380346057,0.001067406937483352
0.7528343368101429,-0.0023344926130929896,0.04540401181421827,0.007950897483051332,-0.0007272360388522202
0.7543430228558545,-0.0024809594706269146,0.05112376755686426,0.008459742090746047,-0.0019460669817658806
0.7558517089015663,-0.002400563803537216,0.05680616600747845,0.008618413125619622,-0.002649133106060991
0.757360394947278,-0.0020512787211224336,0.062373504130587426,0.008436523844963538,-0.002943722941964728
0.7588690809929897,-0.0014086523014219315,0.06775099718363767,0.007942748993235174,-0.0029697003760657255
0.7603777670387014,-0.000469338142332597,0.07286523143114382,0.007182448696262247,-0.002881586886003094
0.7618864530844132,0.0007470547979084147,0.07764120276815073,0.006213675326637375,-0.0028295593622773164
0.7633951391301248,0.002197965061073055,0.08199836015705313,0.005102043966437407,-0.002941594769145823
0.7649038251758365,0.0038197263019697173,0.08584622927624437,0.0039150994563167145,-0.003308801853851641
0.7664125112215482,0.005531091248126585,0.08908027502204822,0.0027168674803562387,-0.003975560643852316
0.7679211972672599,0.007238136449200151,0.09157866627388411,0.0015632273799709609,-0.004935494405245958
0.7694298833129717,0.008840164947495361,0.09320053781022267,0.000498601447101405,-0.006133597210979002
0.7709385693586833,0.010236176305668969,0.09378621581723878,-0.00044575458462378946,-0.007474115543816295
0.7724472554043951,0.011331460154000751,0.0931597035065954,-0.0012518159772842421,-0.008833118395029718
0.7739559414501068,0.012043882895366594,0.0911335321636181,-0.0019133962690672476,-0.010074163173220409
0.7754646274958185,0.012309469839710655,0.08751588956300267,-0.0024336716041379746,-0.011065133870249561
0.7769733135415302,0.012086931326963878,0.0821197580129235,-0.002822110281588644,-0.011694229410556168
0.778481999587242,0.011360838927399579,0.07477364000114264,-0.003091324302511936,-0.011883222500456533
0.7799906856329536,0.010143227086010525,0.06533332790956867,-0.003254305253173899,-0.011596472729338883
0.7814993716786653,0.00847347877011648,0.053694089262456716,-0.0033223856610713424,-0.010844716250106778
0.783008057724377,0.0064164526675984275,0.03980259150406321,-0.0033041054531756015,-0.009683301601916518
0.7845167437700887,0.004058923763869105,0.02366787964158912,-0.0032049924849023507,-0.008205218007749225
0.7860254298158005,0.001504534164030398,0.005370744443169186,-0.003028116166094366,-0.006529886494455931
0.7875341158615121,-0.0011324224431888538,-0.014929124333777315,-0.0027751672522529675,-0.004789179925286636
0.7890428019072239,-0.0037339447192023018,-0.03698871941810375,-0.0024477678683935363,-0.0031124459490998626
0.7905514879529356,-0.006185471317774405,-0.06048044164690448,-0.002048725026199708,-0.0016123906959089173
0.7920601739986473,-0.00838266419719914,-0.08499425014256805,-0.0015829987075486457,-0.00037353236807704577
0.793568860044359,-0.01023727165132056,-0.11004337661182657,-0.0010582445667475177,0.0005554267233844417
0.7950775460900708,-0.011681588269251978,-0.13507359833597457,-0.00048489032936819345,0.0011644864901261213
0.7965862321357824,-0.012671160435047606,-0.15947592282130532,0.0001242062124452157,0.001480292763311422
0.7980949181814941,-0.013185563655457781,-0.18260240530965774,0.000754406542642593,0.0015595761250437306
0.7996036042272059,-0.013227281839281886,-0.203784702750343,0.0013901076166271667,0.0014790966261602337
0.8011122902729175,-0.012818922933981467,-0.2223548660150314,0.0020155886811092437,0.0013235384030368647
0.8026209763186293,-0.011999182506572507,-0.23766778491406926,0.0026157831816071364,0.0011730358970385131
0.8041296623643409,-0.010818091890185446,-0.24912462461304,0.003176915334961974,0.0010920251818766372
0.8056383484100527,-0.009332142019132166,-0.2561965231626378,0.0036869868937920588,0.0011208992449877708
0.8071470344557644,-0.0075998495503484705,-0.2584477547248894,0.004136134485414126,0.001271534492147287
0.808655720501476,-0.005678231421979475,-0.2555575010572537,0.0045168939782849315,0.0015272032800394716
0.8101644065471878,-0.0036204921722110396,-0.2473393183677356,0.0048244035850227,0.0018467692128979688
0.8116730925928995,-0.0014750290714214747,-0.23375734603144505,0.005056555534258063,0.0021724628468308806
0.8131817786386112,0.0007143468633019775,-0.21493829052874003,0.005214075292551709,0.0024400378070886033
0.8146904646843229,0.002907259667259669,-0.1911782478949234,0.005300477964476305,0.0025897801921683527
0.8161991507300347,0.005065105955008118,-0.16294351692203055,0.005321833859803683,0.002576733451600335
0.8177078367757463,0.007149363281956437,-0.13086471654339152,0.005286276845856843,0.0023786228266356882
0.8192165228214581,0.009120335975339367,-0.095723761511587,0.0052032131455425155,0.0020003016301614407
0.8207252088671697,0.010936714393650265,-0.058433569217285874,0.005082232670029346,0.0014740491948532703
0.8222338949128815,0.012556172613536372,-0.02001075553260732,0.004931782916589568,0.0008556558861299669
0.8237425809585932,0.013937042255771739,0.01845799334925959,0.0047577264994254935,0.00021684813962745834
0.8252512670043048,0.015040905767168157,0.05585474422848701,0.004561955532754268,-0.0003648526056061297
0.8267599530500166,0.015835780944301745,0.09107278913111676,0.00434126806272258,-0.0008173575736262537
0.8282686390957283,0.016299446010860558,0.12306086650491652,0.004086715063828416,-0.0010846722131868682
0.82977732514144,0.016422399706963246,0.15086697778545075,0.003783597093572914,-0.0011354052999643204
0.8312860111871517,0.01620997194007451,0.17367952134307657,0.003412228684722499,-0.0009678378325097415
0.8327946972328635,0.015683194648412956,0.19086348894163707,0.0029495022851047915,-0.0006107536940634568
0.8343033832785751,0.014878196110031938,0.20198964561670493,0.002371182680965928,-0.00011984539602465793
0.8358120693242869,0.013844073055933596,0.20685493377548259,0.0016547607850078924,0.0004298468785907565
0.8373207553699986,0.012639396592311307,0.20549278528323914,0.0007826066791119737,0.0009544202380521432
0.8388294414157103,0.011327691941601884,0.19817256040694464,-0.00025490112368881736,0.0013730374784972639
0.840338127461422,0.009972373038534182,0.18538792254138114,-0.0014566202147632287,0.0016195926153029436
0.8418468135071336,0.008631691999770824,0.1678345631562834,-0.002808598360696381,0.0016524286912137738
0.8433554995528454,0.00735427008961091,0.14637827430404224,-0.00428301736027788,0.0014606905526225072
